{
  "num_movies": 5142,
  "chosen_k": 1,
  "dist_means_first_10": [
    0.020750081578998013,
    0.033042315838328916,
    0.041679050466261094,
    0.04873655240139826,
    0.054545057087789846,
    0.05988028208136215,
    0.06491829859039942,
    0.0693508494623694,
    0.073299871824066,
    0.07697224541540522
  ]
}